{"sessionid":"36785385-E4CE-4AF8-BF8A-AF7753191666","sessionip":"192.168.7.76","match_type":"Echo_Combat","map_name":"mpl_combat_combustion","right_shoulder_pressed2":0.0,"blue_round_score":0,"teams":[{"players":[{"name":"DiffluentJets","rhand":{"pos":[-5.6780005,-1.6710001,-8.7010002],"forward":[0.56,0.80100006,0.21200001],"left":[0.73700005,-0.36400002,-0.57000005],"up":[-0.37900001,0.47500002,-0.79400003]},"playerid":1,"userid":5355331367826091,"is_emote_playing":false,"number":87,"Weapon":"rocket","level":1,"ping":42,"packetlossratio":0.0022172928,"TacMod":"heal","head":{"position":[-5.9350004,-1.4560001,-8.901],"forward":[0.81600004,0.11000001,0.56800002],"left":[0.56100005,0.087000005,-0.82300001],"up":[-0.14,0.99000007,0.0090000005]},"Arm":"Left","body":{"position":[-5.9350004,-1.4560001,-8.901],"forward":[0.80400002,0.001,0.59500003],"left":[0.59500003,-0.0020000001,-0.80400002],"up":[0.0,1.0,-0.0020000001]},"lhand":{"pos":[-5.473,-1.9760001,-8.7210007],"forward":[0.69800001,-0.17400001,0.69400001],"left":[0.67300004,0.48900002,-0.55500001],"up":[-0.24300002,0.85500002,0.45900002]},"velocity":[0.0,-0.48200002,0.24000001],"Ordnance":"det"},{"name":"echofox","rhand":{"pos":[13.163001,1.1960001,-5.2370005],"forward":[-0.25500003,0.046000004,0.96600002],"left":[0.93800002,-0.23100001,0.259],"up":[0.23500001,0.97200006,0.016000001]},"playerid":3,"userid":3022217221195121,"is_emote_playing":false,"number":1,"Weapon":"blaster","level":1,"ping":100,"packetlossratio":0.0,"TacMod":"heal","head":{"position":[13.419001,1.603,-5.7430005],"forward":[-0.27100003,0.067000002,0.96000004],"left":[0.96200007,0.047000002,0.26800001],"up":[-0.027000001,0.99700004,-0.078000002]},"Arm":"Right","body":{"position":[13.419001,1.603,-5.7430005],"forward":[-0.39700001,-0.001,0.91800004],"left":[0.91800004,0.0020000001,0.39700001],"up":[-0.0020000001,1.0,0.0]},"lhand":{"pos":[13.658001,0.79900002,-5.4400001],"forward":[-0.036000002,-0.012,0.99900007],"left":[0.53200001,0.84600002,0.029000001],"up":[-0.84600002,0.53300005,-0.024]},"velocity":[-1.9190001,-0.12100001,1.08],"Ordnance":"burst"},{"name":"Guffster","rhand":{"pos":[10.685,0.78100002,-0.35500002],"forward":[-0.69500005,-0.60700005,-0.38600001],"left":[-0.71900004,0.60200006,0.34600002],"up":[0.022000002,0.51800001,-0.85500002]},"playerid":6,"userid":5278711258849050,"is_emote_playing":false,"number":0,"Weapon":"rifle","level":1,"ping":89,"packetlossratio":0.0,"TacMod":"sensor","head":{"position":[10.831,1.4080001,-0.23100001],"forward":[-0.38000003,-0.79900002,-0.46600002],"left":[-0.92500007,0.32800001,0.192],"up":[-0.001,0.50400001,-0.86400002]},"Arm":"Right","body":{"position":[10.831,1.4080001,-0.23100001],"forward":[0.036000002,-0.001,-0.99900007],"left":[-0.99900007,-0.001,-0.036000002],"up":[-0.001,1.0,-0.001]},"lhand":{"pos":[10.411,1.8260001,0.086000003],"forward":[-0.048,0.95800006,-0.28200001],"left":[0.92400002,0.15000001,0.35300002],"up":[0.38000003,-0.24400002,-0.89200002]},"velocity":[-3.6000001,-6.0010004,-9.2400007],"Ordnance":"burst"},{"name":"LickMyBattery_Bot","rhand":{"pos":[199.87401,-8.4550009,-191.73701],"forward":[-0.76900005,0.14,-0.62300003],"left":[-0.38700002,-0.87900007,0.27900001],"up":[-0.509,0.45600003,0.73000002]},"playerid":7,"userid":1398471820236927,"is_emote_playing":false,"number":1,"Weapon":"assault","level":1,"ping":101,"packetlossratio":0.0,"TacMod":"heal","head":{"position":[199.88701,-8.0350008,-190.77901],"forward":[0.095000006,0.40100002,-0.91100007],"left":[-0.99500006,0.016000001,-0.096000001],"up":[-0.024,0.91600007,0.40000001]},"Arm":"Right","body":{"position":[199.88701,-8.0350008,-190.77901],"forward":[-0.273,-0.0020000001,-0.96200007],"left":[-0.96200007,-0.001,0.273],"up":[-0.001,1.0,-0.001]},"lhand":{"pos":[199.85101,-8.4630003,-191.733],"forward":[-0.69400001,-0.11800001,0.71000004],"left":[0.36300001,0.79400003,0.48700002],"up":[-0.62200004,0.59600002,-0.509]},"velocity":[0.0,0.0,0.0],"Ordnance":"det"}],"team":"BLUE TEAM"},{"players":[{"name":"gfunkadelic","rhand":{"pos":[9.2090006,-0.21000001,-1.056],"forward":[-0.35800001,0.163,0.91900003],"left":[0.86700004,-0.30700001,0.39200002],"up":[0.34600002,0.93800002,-0.032000002]},"playerid":2,"userid":2909197379112497,"is_emote_playing":false,"number":1,"Weapon":"magnum","level":1,"ping":149,"packetlossratio":0.0,"TacMod":"heal","head":{"position":[9.4440002,0.105,-1.5940001],"forward":[-0.61300004,0.303,0.73000002],"left":[0.78100002,0.089000002,0.61900002],"up":[0.12200001,0.94900006,-0.29100001]},"Arm":"Right","body":{"position":[9.4440002,0.105,-1.5940001],"forward":[-0.53500003,0.001,0.84500003],"left":[0.84500003,-0.001,0.53500003],"up":[0.0020000001,1.0,0.0]},"lhand":{"pos":[9.4450006,0.051000003,-1.1600001],"forward":[0.29000002,0.80600005,0.51600003],"left":[0.85900003,0.018000001,-0.51200002],"up":[-0.42200002,0.59200001,-0.68700004]},"velocity":[-21.241001,1.8000001,-15.841001],"Ordnance":"arc"},{"name":"davidyarker","rhand":{"pos":[-147.89401,-11.433001,198.927],"forward":[-0.86000001,-0.47200003,-0.19500001],"left":[0.37200001,-0.84000003,0.39400002],"up":[-0.35000002,0.266,0.89800006]},"playerid":4,"userid":1333975446728268,"is_emote_playing":false,"number":1,"Weapon":"assault","level":1,"ping":124,"packetlossratio":0.0,"TacMod":"shield","head":{"position":[-147.64401,-10.6,199.14801],"forward":[-0.86400002,-0.12,0.48900002],"left":[0.48500001,0.067000002,0.87200004],"up":[-0.13700001,0.99100006,0.001]},"Arm":"Right","body":{"position":[-147.64401,-10.6,199.14801],"forward":[-0.87500006,0.0020000001,0.48400003],"left":[0.48400003,-0.001,0.87500006],"up":[0.0020000001,1.0,0.0]},"lhand":{"pos":[-147.50201,-11.492001,199.298],"forward":[-0.71300006,-0.49300003,0.49900001],"left":[-0.24700001,0.84200007,0.47900003],"up":[-0.65600002,0.21800001,-0.72200006]},"velocity":[0.0,0.0,0.0],"Ordnance":"det"},{"name":"monkeybanana","rhand":{"pos":[-148.453,-10.861,199.88501],"forward":[-0.77700001,-0.54400003,-0.31800002],"left":[-0.505,0.23600002,0.83000004],"up":[-0.377,0.80500007,-0.45800003]},"playerid":5,"userid":5661986677168451,"is_emote_playing":false,"number":0,"Weapon":"magnum","level":1,"ping":81,"packetlossratio":0.0,"TacMod":"heal","head":{"position":[-148.31601,-10.333,199.97401],"forward":[-0.86200005,-0.26100001,-0.43400002],"left":[-0.45000002,-0.001,0.89300007],"up":[-0.23300001,0.96500003,-0.11700001]},"Arm":"Right","body":{"position":[-148.31601,-10.333,199.97401],"forward":[-0.92600006,0.0020000001,-0.37800002],"left":[-0.37800002,0.001,0.92600006],"up":[0.0020000001,1.0,0.0]},"lhand":{"pos":[-148.56001,-10.855,200.06902],"forward":[-0.88500005,-0.46200001,0.062000003],"left":[0.28100002,-0.42200002,0.86200005],"up":[-0.37200001,0.78000003,0.50300002]},"velocity":[0.12100001,0.0,-0.12100001],"Ordnance":"arc"},{"name":"MattOpara","rhand":{"pos":[1.1950001,0.026000001,-3.3770001],"forward":[-0.43900001,0.52200001,-0.73100001],"left":[-0.69700003,-0.71200001,-0.089000002],"up":[-0.56700003,0.47100002,0.67600006]},"playerid":8,"userid":1571722689581409,"is_emote_playing":false,"number":34,"Weapon":"magnum","level":1,"ping":70,"packetlossratio":0.0,"TacMod":"wraith","head":{"position":[1.138,0.12,-2.9280002],"forward":[-0.66700006,0.039000001,-0.74400002],"left":[-0.73800004,-0.17200001,0.65300006],"up":[-0.10300001,0.98400003,0.14400001]},"Arm":"Right","body":{"position":[1.138,0.12,-2.9280002],"forward":[-0.56700003,-0.0020000001,-0.82300001],"left":[-0.82300001,0.0,0.56700003],"up":[-0.001,1.0,-0.0020000001]},"lhand":{"pos":[0.90900004,-0.28100002,-3.3550003],"forward":[-0.45000002,-0.23700002,-0.86100006],"left":[-0.79400003,-0.33500001,0.50800002],"up":[-0.40900001,0.91200006,-0.037]},"velocity":[0.0,0.0,0.0],"Ordnance":"det"}],"team":"ORANGE TEAM"},{"players":[{"name":"Vibinator","rhand":{"pos":[11.285001,0.56,-9.2390003],"forward":[-0.32600001,-0.93500006,0.142],"left":[0.072000004,0.125,0.98900002],"up":[-0.94300002,0.333,0.027000001]},"playerid":0,"userid":5014214969992528485,