{"user_bones":[{"bone_t":[0.0,0.0,0.0,0.0,0.0,0.0,0.0,0.0,0.0,0.0,0.0,0.0,0.0,0.0,0.0,0.0,0.0,0.0,0.0,0.0,0.0,0.0,0.0,0.0,0.0,0.0,0.0,0.0,0.0,0.0,0.0,0.0,0.0,0.0,0.0,0.0,0.0,0.0,0.0,0.0,0.0,0.0,0.0,0.0,0.0,0.0,0.0,0.0,0.0,0.0,0.0,0.0,0.0,0.0,0.0,0.0,0.0,0.0,0.0,0.0,0.0,0.0,0.0,0.0,0.0,0.0,0.0,0.0,0.0],"playerid":11,"bone_o":[0.0,0.0,0.0,1.0,0.0,0.0,0.0,1.0,0.0,0.0,0.0,1.0,0.0,0.0,0.0,1.0,0.0,0.0,0.0,1.0,0.0,0.0,0.0,1.0,0.0,0.0,0.0,1.0,0.0,0.0,0.0,1.0,0.0,0.0,0.0,1.0,0.0,0.0,0.0,1.0,0.0,0.0,0.0,1.0,0.0,0.0,0.0,1.0,0.0,0.0,0.0,1.0,0.0,0.0,0.0,1.0,0.0,0.0,0.0,1.0,0.0,0.0,0.0,1.0,0.0,0.0,0.0,1.0,0.0,0.0,0.0,1.0,0.0,0.0,0.0,1.0,0.0,0.0,0.0,1.0,0.0,0.0,0.0,1.0,0.0,0.0,0.0,1.0,0.0,0.0,0.0,1.0]},{"bone_t":[0.25634009,-0.45833054,-0.22191028,-7.1911273e-8,-0.080000073,-0.039999895,-0.19401863,-0.69580752,-0.064667448,0.034561276,-0.75131392,0.10199684,-0.18954766,-0.54442471,-0.29191321,0.13869715,-0.47003737,0.033754189,-0.10447389,-0.30435327,-0.16827324,0.19968775,-0.16688445,-0.038842063,0.017178342,-0.1996516,-0.070251644,-8.5681677e-8,-0.13123801,-0.058498919,0.25634009,-0.45833054,-0.22191028,0.18408284,-0.42631111,-0.14493251,0.096978188,-0.35296157,-0.094949737,0.25634009,-0.45833054,-0.22191028,0.32167262,-0.47788879,-0.29713798,0.4546541,-0.42948508,-0.3052865,0.28440475,-0.52053869,-0.42708212,0.69776094,-0.47973403,-0.60792971,0.52639908,-0.57136595,-0.73051894,0.92230535,-0.38450348,-0.99210215,0.75061494,-0.4763034,-1.1149244,1.0164443,-0.39572233,-1.1199622,0.84451789,-0.48761517,-1.2429497],"playerid":1,"bone_o":[-0.50345254,0.11633917,-0.3443445,-0.78385442,0.0,1.2260725e-7,-9.0110625e-8,1.0,0.83975148,0.074784532,-0.36611554,0.39393419,0.00013894774,0.6967352,0.42988124,-0.57424927,0.68079907,0.54440814,-0.44207874,0.21142098,-0.29770434,0.57658851,0.58035934,-0.49203742,0.77974099,0.57742482,0.12781943,-0.20554036,-0.33550641,0.5490095,0.54276705,-0.5398407,-0.093925394,0.09122441,-0.11325417,-0.98490083,0.17237294,1.0523939e-7,-1.09896e-7,0.98503172,-0.50244975,0.10188472,-0.34710625,-0.78529036,-0.35668224,0.15285024,-0.35159996,-0.85193431,-0.20834298,0.14025711,-0.23563065,-0.93882871,-0.50345254,0.11633917,-0.3443445,-0.78385442,-0.5285278,0.1146994,-0.33755153,-0.77042937,-0.76765805,0.28512776,0.32888687,0.47035813,-0.76543558,0.28774983,0.32876325,0.47246504,-0.69406253,0.19374298,0.46448106,0.51477981,-0.69190061,0.19593267,0.46395072,0.51733321,0.89406192,0.11411324,0.32884821,0.28194043,0.89641201,0.10580999,0.32707626,0.27976939,0.89406192,0.11411324,0.32884821,0.28194043,0.89641201,0.10580999,0.32707626,0.27976939]},{"bone_t":[-0.025590891,-0.32688102,-0.46512446,8.8166798e-9,-0.080000162,-0.039999865,-0.19611377,-0.65874982,0.06205973,0.21447259,-0.82003629,0.040356077,-0.27391014,-0.46107575,-0.10955092,0.20378572,-0.51314223,-0.067387775,-0.19234057,-0.19436479,-0.15823624,0.16552681,-0.19539514,-0.16794489,-0.011842438,-0.18270165,-0.10671613,8.3819032e-9,-0.1312381,-0.058498867,-0.025590891,-0.32688102,-0.46512446,-0.021562003,-0.33671007,-0.35531059,-0.015711112,-0.29887271,-0.23699003,-0.025590891,-0.32688102,-0.46512446,-0.030307975,-0.31629622,-0.56599957,0.080080882,-0.29136747,-0.65135914,-0.14795233,-0.29080766,-0.64085633,0.059829935,-0.30037129,-1.0421631,-0.168148,-0.29971969,-1.0316648,0.037520036,-0.14562017,-1.4695177,-0.19085933,-0.14486934,-1.458962,0.028505489,-0.14882338,-1.6284035,-0.19987382,-0.14808027,-1.6178476],"playerid":2,"bone_o":[0.71823061,0.015751282,-0.01737966,0.69540977,-4.4703473e-8,2.4769033e-9,-3.3484588e-9,1.0,-0.67998904,-0.56522131,0.46369901,0.055883773,0.36290342,-0.1190225,-0.72820467,0.56908071,-0.59211612,-0.52602047,0.60476428,0.083433181,0.25740662,-0.45009539,-0.53008896,0.670941,-0.74854946,-0.50880814,0.31154519,0.28935754,0.27984571,-0.42409134,-0.51295537,0.69188857,0.36977425,0.07755588,-0.058575112,0.9240244,0.17237289,1.8626447e-9,-3.7252894e-9,0.98503178,0.75187361,0.010717337,-0.01522187,0.65904433,0.64253944,0.015372814,-0.018121133,0.76588404,0.49969068,0.01102684,-0.0080233496,0.86609662,0.71823061,0.015751282,-0.01737966,0.69540977,0.71823812,0.015125137,-0.017384736,0.69541579,0.49299744,-0.51808625,-0.50739932,-0.48071426,0.49365222,-0.51727885,-0.50815296,-0.48011523,0.39125219,-0.42082149,-0.58942533,-0.56781054,0.39175722,-0.42013803,-0.59028655,-0.5670734,-0.97679532,-0.010643569,0.026778454,-0.21222763,-0.97676438,-0.0043273042,0.028019171,-0.21243238,-0.97679532,-0.010643569,0.026778454,-0.21222763,-0.97676438,-0.0043273042,0.028019171,-0.21243238]},{"bone_t":[0.082555652,-0.52150714,-0.2873967,-8.4770191e-9,-0.080000103,-0.03999994,-0.093556315,-0.19229364,0.025786225,0.45802811,0.013660073,0.017155603,-0.10345036,-0.46395522,0.051853597,0.46727931,-0.24607179,-0.066696391,-0.16542748,-0.25914097,-0.13353384,0.18972607,-0.21804981,-0.11504428,0.0053359699,-0.19781429,-0.084048383,-1.3969839e-8,-0.13123804,-0.058498949,0.082555652,-0.52150714,-0.2873967,0.050546587,-0.46591294,-0.19763796,0.027022827,-0.36525223,-0.12850258,0.082555652,-0.52150714,-0.2873967,0.11756322,-0.56200743,-0.37367687,0.25142333,-0.55370331,-0.41956699,0.037182443,-0.59799612,-0.48474956,0.43984181,-0.69331098,-0.73297888,0.21392205,-0.72479928,-0.81017643,0.53867161,-0.43285525,-1.0928025,0.34344399,-0.50766778,-1.1885351,0.61297745,-0.38041669,-1.2234359,0.42592007,-0.47106665,-1.319662],"playerid":3,"bone_o":[0.49413285,-0.080947727,0.1567654,0.85129589,-1.4901158e-8,1.6381343e-8,-4.7686729e-8,1.0,-0.17634319,-0.29582044,0.26917297,-0.89941049,-0.68177927,-0.20273168,0.45934567,0.53205127,0.21321589,-0.15464568,0.70299333,-0.66062403,-0.29699272,-0.49207973,0.5242092,0.62837702,-0.61474079,-0.66359627,0.41120818,-0.1124346,-0.53309089,-0.045810513,-0.08796303,0.84022504,0.18214059,-0.0088430401,0.036332391,0.98256123,0.17237292,7.9162401e-9,-4.9796643e-8,0.98503178,0.49417618,-0.034839861,0.14737026,0.85607123,0.35736024,-0.011509161,0.094916463,0.92905986,0.22977731,-0.011940212,0.061916731,0.97119826,0.49413285,-0.080947727,0.1567654,0.85129589,0.51490885,-0.072063915,0.15983617,0.83912349,0.73409855,-0.4195382,-0.28863257,-0.44919726,0.70892262,-0.42880514,-0.3006081,-0.47242951,0.50341737,-0.15042849,-0.60727304,-0.59595454,0.52387518,-0.19797643,-0.56435031,-0.60652196,-0.95000273,-0.090040974,-0.29269201,-0.060982704,-0.94795048,-0.043849912,-0.29779223,-0.10385999,-0.95000273,-0.090040974,-0.29269201,-0.060982704,-0.94795048,-0.043849912,-0.29779223,-0.10385999]},{"bone_t":[-0.094745323,-0.52173245,-0.26503196,3.4796546e-8,-0.080000073,-0.039999962,-0.080595016,-0.30375606,0.16743247,0.16213897,-0.28836358,0.24029107,-0.30601662,-0.40407187,0.050388753,0.26388896,-0.47712839,0.071199358,-0.19369772,-0.19372582,-0.1022462,0.14999235,-0.293484,-0.11172366,-0.0085506365,-0.20128053,-0.07009951,3.0733645e-8,-0.13123801,-0.058498953,-0.094745323,-0.52173245,-0.26503196,-0.080291443,-0.46658826,-0.17057493,-0.057232723,-0.36605692,-0.10109551,-0.094745323,-0.52173245,-0.26503196,-0.10472349,-0.56277108,-0.35737014,0.0029733852,-0.61618167,-0.43248391,-0.21305785,-0.54382664,-0.44680262,-0.0039000437,-0.76380491,-0.79494631,-0.2249223,-0.68970603,-0.80984128,0.044021495,-0.75228584,-1.2473272,-0.18450472,-0.70139265,-1.2629496,0.085033186,-0.80326885,-1.3924307,-0.14213893,-0.76200426,-1.4039019],"playerid":4,